text,label
Messi trying to get Cucurella a red card after he touched his mouth,
"Egypt coach Hossam Hassan: ""I will say what's on my mind regardless of the consequence, this was clearly a rigged match and the whole world saw it. And I want to say one more thing, if they want Argentina to win so bad, why call everyone to come and participate?""",
"German commentator: ""Trump & Infantino. Those two were made for each other. Fascinated by power... And by themselves too.""",
Argentina 2 - [2] Cape Verde - Sidny Lopes Cabral 103',
St. Louis City supporter takes matters into his own hands during a VAR check,
The Belgian players did the Trump dance to celebrate in the locker room after the match.,
Mexican fans spot a South Korean fan and immediately adopt him,
Erling Haaland's reaction after Alexander Sorloth doesn't pass the ball to him during his free run,
Norway's football team official photo for World Cup 2026,
"At the full-time whistle, Vozinha went around lifting his teammates who had thrown themselves to the ground in disappointment, telling them not to be so despondent and instead be proud of their performance.",
A duck in Mexico wearing a Mexican jersey,
Benfica [4] - 2 Real Madrid - Anatoliy Trubin 90+8' (Goalkeeper),
"Croatian commentator at USA-Belgium full-time: ""Belgium have won, but let's wait, maybe tomorrow morning when we wake up, a call from the White House comes in..""",
Spain defeats Argentina to win the 2026 World Cup.,
Lamine Yamal raises Palestine Flag during parade,
Messi crying after receiving his runners-up medal,
"Vozinha after the match: ""I went up to Messi after the game. He hugged me and said, 'You are great. Your people should be proud of you'. That was incredible for me. Hearing words like that from someone like Leo Messi means a lot to me. I thanked him and said, 'Thank you, Leo. You are the best.'"" Full quote: ""I went up to Messi after the game. He hugged me and said, You are great. Your people should be proud of you. That was incredible for me. Hearing words like that from someone like Leo Messi means a lot to me. I thanked him and said, 'Thank you, Leo. You are the best.' Then I asked if we could swap shirts. Leo said he would give it to me in the tunnels after the interview.""",
Erling Haaland leads the Viking Row for Norway,
Manchester City fan celebrates with an Arsenal bottle,
This Ref Cam of the Thuram Brothers during a Foul,
"Manchester United has been eliminated from League Cup by Grimsby Town ,who plays in the 4th league of England",
Neymar in tears after loss to Norway,
Brazil 0 - [2] Norway - Erling Haaland 90',
"Romero completely ignored Trump Righting all his wrongs
Edit - he does go back to shake Claudia Sheinbaum's hand, he knew what he was doing",
[Martyn Ziegler] Exclusive: Uefa to boycott World Cup in protest against Fifa sell-off. European governing body takes decision at crisis meeting in move that would essentially kill Gianni Infantino's plan to sell stakes in tournament to private investors,
"Eric Cantona: ""Four days after Russia started the war in Ukraine. FIFA and UEFA suspended Russia. We are now 716 days into what Amnesty International have called a genocide. And yet, Israel continue to be allowed to participate."" [Great Speech]",
"Norway fans chant ""Free Palestine"" vs Israel",
"MEX RSA 78' - Memo Ochoa substitutes into the match. It's the 6th different World Cup he has appeared in, tying the record",
"Salah, standing alone and crying, while the fans cheer Jota's name.",
"Norway manager Ståle Solbakken ""It's a big mistake by FIFA. Balogun got a red card, VAR confirmed that, that means you're suspended. It's a bad, bad, bad, bad decision that is hurting the World Cup. I feel sorry for the US. If they win, it will always be brought up. It's not good for the sport.""",
Shocking scenes in Dallas as a member of the Egypt national team staff was violently pushed by Dallas police while taking a photo with a young fan.,
"Argentina disgraced themselves, and the World Cup final, with their charmless petulance",
"[ESPN] The European Parliament has called for an investigation into FIFA President Gianni Infantino regarding his management. Dozens of European lawmakers are gathering support to launch an investigation in the European Parliament of FIFA boss Gianni Infantino over his involvement in the decision to permit U.S. striker Folarin Balogun to play despite an earlier red card.

Balogun was shown a red card during the U.S. victory over Bosnia-Herzegovina on July 1, which normally would make him ineligible to play in team's next game, but FIFA lifted his suspension for a match on Monday after U.S. President Donald Trump intervened with Infantino on behalf of the 25-year-old striker.

European Parliament lawmakers Barry Andrews, Lara Wolters and Niels Fuglsang said in a joint statement that FIFAs decision to ""change the rule on red card suspensions mid-tournament is a disgrace and a perversion of justice.""",
"Australian World Cup fans were caught chanting: “Aussie boys are on a bender, Donald Trump is a sex offender.""",
Alternate angles of McTominay bicycle kick goal vs Denmark,
Lamine Yamal's run and dribble against PSG 1',
Norway players and fans doing Viking Row,
Haaland arriving in Norway That is all.,
Manuel Neuer first touch during warm up against Augsburg,
"Mostafa Zico: ""The referee is unfair, God is sufficient for me and the best disposer of affairs. He's wasting the effort of an entire nation. The cup is being given to Argentina.""",
"Haaland ""It has been the best weeks I have had in my entire life. I think it has changed Norway. I think it has changed me. I hope it has brought the people together. I hope this also motivates young people back home in Norway, that it is possible to play on the biggest stage wearing this jersey."" On his substitution ""I was completely broken. I felt it after 70 minutes that I was getting tired. It was really tough to play today with that humidity and stuff. It was tough, but it's the same for everyone – so I'm not going to make any excuses.""",
A young Cape Verde fan shows love to his team,
"Goalkeeper in Istanbul's amateur league hit a seagull; a player performed CPR, resuscitated it, and handed it to medical staff.",
"Kylian Mbappé: ""At the end of the day, you know... you take all the glory when you win. When you don't win you have to... sorry, to take the shit""",
Argentina [3] - 0 Algeria - Lionel Messi 76‎'‎ hat-trick,
"Messi talking about cape verde: ""Honestly, we knew beforehand that the match would be extremely tough. And it's no coincidence that this national team hasn't lost to Spain or Uruguay."" These are knockout matches, and no one gives you anything for free."" 'And that's what makes this World Cup special""",
USA 2-0 Bosnia and Herzegovina - Malik Tillman 82',
Iceland's Daniel Gudjohnsen introducing himself to Lionel Messi post-match and reminding him that his dad was Messi's former Barcelona teammate,
Jose's reaction to Trubin's last minute goal,
A fan's angle of Harry Kane's goal against Frankfurt,
Bayern Munich [4] - 3 Real Madrid - Michael Olise 90'+4' [6-4 on agg.],
"Vozinha has officially become the most followed goalkeeper on Instagram, surpassing Iker Casillas",
The moment Arsenal found out they became Champions of England,
Ireland winning goal and end of match with Irish commentary,
[Leyla Hamed] - Egyptian head coach Hossam Hassan brought a Palestine flag onto the pitch after Egypt's historic victory over Australia.,
Scenes as Albacete defeat Real Madrid in the Copa del Rey,
Atletico Madrid fan literally making sandwiches while 4-1 against Spurs,
Goalkeeper Trubin celebration after scoring a header,
Egypt preparing for the shootout,
Paraguay goalkeeper threw the ball at Mbappe after he refused to shake his hand at the end of the match,
Roma awarded penalty. The Penalty had to be retaken twice. Lille goalkeeper Berke Özer saved all 3 attempts,
USA [1] - 1 Germany - Antonee Robinson great goal 37',
Clearer angle of Morgan Gibbs-White's great goal vs Manchester City,
2010 Spain Team Reacts to Ferran Torres' Goal,
Cinematic slow-motion video of Harry Kane's second goal Vs Atalanta,
Another angle of Haaland's (second) banger 90',
Spain [1] - 0 Argentina - Ferran Torres 106',
Cristiano Ronaldo reaction to his red card vs Ireland,
Alternate angles of Harry Kane's perfectly placed strike against Wolfsburg 69',
"Telemundo TV commentator: ""We are one of the only networks in the world to not show ads during the World Cup cooling breaks. We prefer the old school way. We should be able to see what the players do. We show fans, people enjoying, not the corporate direction of football.""",
"Kylian Mbappé after the game against Paraguay : ""We knew what kind of match it would be. [...] We know how to shithouse too. We did it today, we won and even in that sector, we were better than them."" Kylian Mbappé after the game against Paraguay : ""We knew what kind of match it would be. It's great the game we got and how we played it. We show that we're not just only a team who can play an offensive-minded football, if we had to play dirty, we can play dirty. It doesn't bother us. They thought we would show up in tuxedos, doing great plays and one-two passes. We know how to shithouse too. We did it today, we won and even in that sector, we were better than them.",
"Jürgen Klopp on Trump and Infantino: “Let's just say: this is our game, not theirs. These two people, who both have no idea about football, should have nothing to do with that. That was a red card. There's no two ways about it. We're sorry for Balogun because he didn't mean to do it.” > ""But that's what the rules say.""",
"Rival couple arguing in the stands during Fluminense vs Vasco derby... while their son sits between them wearing a half Fluminense, half Vasco shirt",
[The Atheltic] Folarin Balogun available for USMNT vs. Belgium as red card ban suspended,
Harry Kane skill to keep possession against PSG 77',
Banner seen at USA vs Australia,
Spain defeats France to advance to the World Cup Final,
Thierry Henry and Zlatan having a kick about backstage in the studio,
[TheTelegraph] UEFA tells Infantino: resign or we will vote to oust you,
[Czechia 1-1 South Africa] Schick waves off the referee and walks away; Mokoena reacts in disbelief,
Rayan Cherki posing for camera after Ben White's tackle,
"Belgium will play their match against the US subject to conditions. They consider Floralin Balogun ineligible to play and should he play, a complaint will be filed to a FIFA Tribunal, and to CAS. US Soccer Federation has been informed personally by the FA about their plans. The Belgian Soccer Association (KBVB) will play the Round of 16 match against the United States subject to certain conditions. If Folarin Balogun—whose suspension following his red card was suddenly lifted by FIFA—takes part in the match, the KBVB will file an official complaint with FIFA.",
Thiaguinho scores a panenka penalty vs Paraguay's goalkeeper after the latter kept taunting him,
Harry Kane's voice in the post match interview,
"Zlatan Ibrahimović on Messi's World Cup: “Five goals in 2 games...I have zero goals in two World Cups, so, I'm happy for him and I hope he continues, his birthday is in a couple of days so let him enjoy, because we're all enjoying him by seeing him play so, amazing, just amazing, no words.""",
"Jürgen Klopp waving to Mbappé's mother, who's a big Liverpool fan",
Marquinhos comforts his international teammate Gabriel after his penalty miss,
Arda Guler slips while trying to kick bottle at full-time whistle,
Glasners slide after Conference League victory,
Al Nassr [4] - 1 Al Khaleej (Cristiano Ronaldo) - 90+ 5,
Croatia disallowed goal against Portugal 90+13',
"[Ben Jacobs] The White House made a direct call to FIFA to ask Gianni Infantino to review Folarin Balogun's red card. FIFA sources insist White House influence could not affect the decision due to the powers contained in Article 27 and the independent nature of the disciplinary panel. talkSPORT understands the White House put pressure on FIFA to review the decision, and made a direct call to ask their president Gianni Infantino to review the red card.",
Alternate angle of Alvaro Carrera's goal against Valencia,
Enzo Fernández (Argentina) second yellow card against Spain 90+3',
Scenes as Non league side Macclesfield defeat Crystal Palace in the FA Cup,
Ronaldo Nazário: “It's time for the world to stop hiding and accept the fact that Messi is the greatest of all time.”,
Wolves TV's highlight reel of Arsenal's timewasting: 'Game management',
"Holy crap, genuinely didn't expect that.",
The $5m bribe went through!!,
The FIFA peace prize winner strikes again.,
"He makes the greatest deals, folks",
Trump's corruption is finally benefiting the country for once,
"Corruption is only bad if I am not involved. If I am involved in the corruption, I DEFEND IT",
"you know what's funny, people are usually bribed for numbers way lower than you expect. it was probably like 50k and a candy bar",
"True, I’ve done some regrettable things for just a Klondike bar.",
"The bribes FIFA took for host country were in the 5 figure range, it was nuts.",
yeah it cracks me up how easily swayed these people are,
I doubt we bribed anyone. We probably threatened to prosecute some FIFA officials for something we previously ignored.,
Well happened to Ronaldo when he was sent off against Ireland coming into this tournament. But yeah almost never happens,
"I was about to say, did the corrupt orange man finally do some corruption that isn't about like, destroying our education system?",
"Zero chance Trump even knows what is going on, or cares what with his Freedom 250 thing.

Could have been someone else in the admin though, Vance is addicted to Twitter so probably saw posts about this.",
Maybe Baron got in his ear.,
Maybe he put a big bet on Kalshi about Balogun's red card suspension being lifted.,
FIFA being corrupt Trump glazers helped for once.,
"As an American I genuinely did lol. Stoked for Balo to play, but shady is the new norm for us.",
"Would this decision get made in Belgiums favor right before this game?

Pretty sure majority is convinced it wouldn't, which is why it's so fucked",
"It shouldn’t have been made in Ronaldo’s favor to start to WC. Messi got away with a red card.

FIFA is so corrupt lol",
That's what I immediately though. Same thing as Ronaldo's suspended ban.,
Gianni's bank account sends its regards,
"Couldn’t have said it any better, fellow CITY fan.",
All 3 of us? In one post?,
"For your birthday, you get a little Balogun, as a treat.",
2nd amendment coming in clutch,
Balogun gonna go full Paraguay now that he knows he's shielded by the constitution from consequences,
Is it the gun in the name?,
"Hey, it’s just nice to finally see that twat finally hold up his end of the Authoritarian’s Contract we for some reason signed.",
"Yeah. What's the point of bread and games if the bread is moldy and you lose the games

Edit: ""sit"" to ""if"" autobloop strikes again",
Woahhhhh what the fuck. This is FIFA. Can't say I'm shocked but figured this decision would have come Friday or Saturday if it was going to happen at all.,
"I don't remember them ever doing it during the same tournament the card was given. 

They did forgive Caicedo's red so he could play on the first game of the world cup. I think they did that to a few players.",
I think they set the precedent with Ronaldo and then had to follow through with players like Caicedo.,
this definitely reeks of FIFA wanting to maximize viewership during a host nation game,
They saw Ricardo Pepi was to be Balogun’s replacement and made a panic move,
"They were moved by all the ""free Balogun"" spam on social media",
I highly doubt there were any Americans that were not going to tune in because Balogun wasn’t playing,
I think there are literally millions of Americans that won't watch *next week* if USMNT loses tomorrow.,
"I think this is by far the most likely “corrupt” explanation for this. I wouldn’t put it past Trump or his goons to have made a phone call, but FIFA is thinking about FIFA’s profitability and growth above anything else. And there is no question that increased American viewership and engagement going forward would greatly benefit them.

It’s crazy actually from a bird’s eye view - how important a person Flo Balogun, a random talented striker from London, could become sociopolitically just by deciding to play for the United States. Football really is a microcosm of world politics and economics, it’s fascinating and very dark at times.",
Schrodinger's American: Doesn't know soccer at all but will crash viewership if a player they supposedly won't know isn't on the field.,
I mean were there really folks not going to watch the game just because Bolugun was missing?,
More likely this increases our chances of winning and therefore playing another game,
This specific controversy is probably going to draw a lot more attention to the game in American media and cause more Americans to tune in out of curiosity (or more people to hate-watch or something).,
huge dropoff in viewerships in monaco,
Me and the Hale End or Bust crew were also not planning on watching,
We were watching regardless. I think this is more FIFA wanting us to have a better shot of advancing to the Spain game,
The disrespect to Portugal... USA vs Ronaldo is jackpot.,
the people of the United States vs Ronaldo\*,
FIFA's gonna have to start paying refs or cancel Spain's flight or something if they want USA vs Ronaldo,
FIFA not letting teams appeal red cards but having a rule that lets them do whatever they want is peak FIFA.,
"The thing I don't understand is, why not just let the USMNT appeal the red? Makes it feel so much more corrupt to say ""no appeals"" and then just lift the suspension because *reasons*. Such a dumbass way to handle these things, makes it so transparent that it's just for views/match quality.",
It's ridiculous tournaments don't have a red card appeal process but every single top flight football league I'm aware of does.,
"It’s like they want to look corrupt, no appeal and then don’t even give a clear reason lol.",
"This is crazy. And his suspension is just suspended without explanation? So he will have to serve it later like after the world cup? This is crazy!

I'm glad he's playing but this whole affair was handled in just the most corrupt-looking way (it's obviously a biased ruling but they could have made it look much better!)",
He only has to serve it if he commits another red card worthy event within a year. The suspension he should have served here will just be tacked onto that suspension.,
Infantino would do anything for trump,
FIFA doesn’t need Trump to be corrupt,
They were doing just fine before and without him,
"what the fuck that is WILD

how about suspending our 3 yellow then",
I knew the match yesterday was frustrating cause I saw Olise speaking whole sentences,
"After all that shitstorm in that game, Olise getting a yellow for a fraction of what they got from Paraguay was some sinister shit.",
A fraction? He legit wasn't doing anything. He was just talking.,
"olise's should absolutely also be wiped, but the yellow cards will be wiped again after the quarterfinals anyway",
"Problem is if he gets a yellow against Morocco and France win, he'll be suspended for the semis. The wipe removes the cards, not the suspensions pending. 

I don't see him getting a yellow as he's not that type of player and I'm sure he'll be careful, and luckily not of the 3 yellows we picked up from that shit ref were on defenders, but it's still a stupid situation overall.",
"yeah it's an insanely dumb situation. It was one of the worst referee performances I've ever seen, and I watch CONCACAF.

Honestly normally I like watching the big Euro teams having to deal with the CONMEBOL/CONCACAF shenanigans and shithousing, but that was so far over the line in terms of one-sided refereeing and straight-up assault in several cases that I was rooting for France again by the end of it. 

That penalty was the most textbook and obvious one I've ever seen and the fact that it took VAR for it to be called should disqualify the referee for the rest of his life honestly. I was losing my mind.",
"I like watching the shithousery happen but I don't like seeing teams avoid the consequences and Paraguay definitely did. 

If a team wants to play rough then they can they just need to keep in mind that it's going to get their team booked and then when they do they need to actually get booked.",
"If Olise (or someone else carrying a yellow) gets a yellow in the Quarterfinals, is he suspended for the semifinals?",
just need to ask fifa the market rate of the yellow vs red,
Exactly. At this point how about also step in and ban Galarza for violent conduct ?,
France needed to bring clubs on the field Para was trying to kill then,
"Id be in favor of that. That was straight up corruption. Paraguay getting out of ANY game with zero cards, much less that game, should be impossible",
Just add an appeals process ffs. Not hard.,
"They have one, it involves Swiss bank accounts",
They expedited the process by not even allowing you to appeal red cards. Just send in the check,
Do swiss bank accounts accept trump coin?,
"They completely botched it by denying the appeal so quickly. If there was even a chance of FIFA doing us a favor they should have kept the appeal process open across the weekend. 

Also what does this mean for the ref, Rafael Klaus? His opinion and the entire VAR booth have just been totally undermined by a mysterious committee. How can he be assigned to ref a single other match in the tournement?",
"He probably shouldn’t be, he was very inconsistent",
Thats a very kind way of saying he was absolute shit in every facet.,
"[“Cristiano Ronaldo avoided a suspension](https://www.nytimes.com/athletic/6809592/2025/11/25/cristiano-ronaldo-world-cup-ban-fifa/) for the start of the World Cup in similar circumstances after FIFA handed the Portugal captain a three-match ban, but with the final two games suspended for “a one-year probation period”.”

My god fifa. Be less transparent in your desire for viewership",
Similar circumstances? Ronaldo’s was for Violent Conduct,
I think the “similar circumstance” is fifa just arbitrarily suspending the enforcement of the red card suspension for money lol,
"This is much worse, he got a red card during this same competition. Many teams are not being able to use players due to accumulation of yellow cards, some even got eliminated because of that.. So fuck these teams huh?",
"I think Ronaldo was worse. It was for violent conduct and fully intentional, no one else is getting their ban recinded in that situation.

I still think this is a wild call but you can agure that there was no intent in case and it was more of an accident than a deliberate foul. 

It feels fair to offer leniency when there is an accident, cant see the justification for a deliberate act.",
"VAR was also inappropriately applied to judge the call. Slowmo is not supposed to be used to check for severity, only to determine point of contact.",
today I feel corruption,
The Inaugural Peace Prize winner pulled some strings,
"And they keep getting more shameless with it

At this point it isnt above them to tell certain refs to ref games in certain ways either lol like we're literally watching them be corrupt here",
THE POWER OF BIRTHRIGHT CITIZENSHIP IS SO POWERFUL THAT IT REVERSES RED CARDS,
Only miss was not doing this on the 4th!,
"Real g's move in silence, like lasagna. The 5th works better",
THANK YOU FOR YOUR ATTENTION TO THIS MATTER,
"**From FIFA -** 

“The FIFA Disciplinary Committee has imposed the following sanction on United States national-team player Folarin Balogun, who was sent off as a result of a direct red card during the FIFA World Cup 2026™ match between the United States and Bosnia and Herzegovina played on 1 July 2026 at San Francisco Bay Area Stadium:

One-match suspension for breaches of articles 14 and 66 of the FIFA Disciplinary Code (FDC).

""In line with article 27 of the FIFA Disciplinary Code, the implementation of the match suspension is suspended for a probationary period of one year. If Folarin Balogun commits another infringement of a similar nature and gravity during the probationary period, the suspension shall be revoked and the sanction enforced without prejudice to any additional sanction imposed for the new infringement.""",
"So he'll have to serve the suspension a year from now, in some irrelevant friendly 3 years before the next world cup? That's one way to deal with an unfair red after the fact lmao",
"Oh ok. And if not, it goes away after 1 year?",
"yes

but also, you cant do friendlies to get around reds",
"I thought this was a possibility after it was reported the VAR officials broke protocol, but it doesn’t seem like that’s even the cited reason. Wild",
"If it was overturned, sure. But they didn't overturn the red, they merely suspended it and put him on probation for a year, so it can be re-enforced if he screws up again.

FIFA had every opportunity to make this a much more ""legitimate"" decision but decided to just take the idiot approach instead.",
"FIFA won’t ever admit that the refs fucked up. That’s part of their operating model. 

An actually well run organization would have stated a clear reason (aka improper use of VAR) for the overturn while also announcing an investigation into the France-Paraguay official. But the FIFA ain’t a well run organization unless your measuring stick is corruption.",
Basically no sport every admits outright that the refs screwed up or takes any actions.,
"NBA has a L2m report on fouls at the end of games, but they definitely still cover up stuff.",
"My sister (who is a huge NBA fan) has said it's basically an open secret that when Tim Donaghy was under investigation, Stern specifically blew up the investigation so the FBI wouldn't find the corruption was way, way more widespread.",
It is like 99.9 percent certain it's because of this. And FIFA could quell the outrage by saying so but will never admit to having fucked anything up.,
We're going to get reffed so fuckin hard tomorrow 💀,
Wait for Tielemans to cough and he gets a red card for covering his mouth,
"Its Monday Night Football in Seattle. 

  
You have absolutely no idea what sort of insanity is coming.",
Yeah this is just the beginning. Going to make South Korea in 2002 look like a spectacle of fair refereeing.,
I’m not sure that’s possible. 2002 was all-time dirty.,
South Korea actually played dirty against both Italy &amp; Spain for 180 minutes. I don't think the USA played Bosnia that roughly.,
It was mostly Bosnia fouling,
"Italy and Spain to Bosnia isn't exactly the same either, the US are good enough to comfortably beat Bosnia on their own",
"If anything, we’re the ones who got reffed poorly against Bosnia",
Just give the Ref some of those world class Frittes with Mayo,
"Gonna make the Paraguay v France ref look like Pierluigi Collina. God be with you Belgium, lol.",
Gg bro. Check already cleared,
It's not corruption when it's in the US - it's lobbying.,
Citizen's United mfs,
"Citizens United 2

Belgium 1?",
Strategic realignment of ethical priorities to close out Q2.,
Today i feel corrupt,
"Corruption is bad if I’m not involved, but if I’m part of that corruption I defend it!!",
Corruption is good actually,
"Corruption is only bad if I am not involved, if I am involved, I WILL DEFEND IT",
I all of a sudden love corruption,
Suddenly corruption is alright in my books,
Today I feel corruption,
CORRUPTION IS SO COOL WHEN IT BENEFITS ME,
wtf I love corruption now,
Corruption is only bad if I’m not involved,
Uhhhhh I’ll take it but what the fuck lmao,
"The fat clown orange man made the call lmfaoo, USMNT should be glad they have Balo vs Belgium back tho.",
"“It’s really just unfair, so unfair. You look and he didn’t even see him. It’s the most unfair call I’ve ever seen.”",
"Multiple people in my life called me and they said, ""Donald I've never seen such an unfair call like this. You're a great guy, you gotta call up Gianni and so something about this.""",
"I SAID JOHNNY, YOU'RE KILLING ME HERE GIANNI, YOU GOTTA DO SOMETHING GIANNII",
"""you have to call the president of soccer and get him to do something.""",
""" Gianni came to me crying saying it's the most beautiful soccer game I've ever seen""",
Barron came throughhhhhh,
"There's truly no denying it, anymore.

It's called soccer now",
What the fuck is a kilometer,
Only kilo I recognize is white,
This has always been /r/soccer,
They’ve already created quarters. Next up timeouts.,
Balogun was banned from football but not from SOCCER 😏🇺🇸💸,
Yellow for Olise should be wiped then. It was bullshjt.,
"""Corruption is not bad! Corruption is only bad if I am not involved. But if I am part of that corruption, I DEFEND IT""",
“We’re corrupt but in a good way”,
"They haven't rescinded the red card, or technically even the one match suspension. Just to be clear about the terminology. He'll have to serve the suspension if he does it again.

Very silly, if you ask me.",
lol after they go through? After they win? Next world cup? lol,
He will serve it during the exhibition match against the ishowspeed 'all stars',
"Yeah, it's just a way to remove the suspension without having to justify it.",
"That's even worse. Basically saying the call was correct, but we want Balogun to play the WC",
"FIFA making up rules as they go ?

And why so late, Belgium would be preparing for the US without their starting CF, and those plans will quickly have to be changed. It is ridiculous.",
"UEFA changed the rules for Nations League when Germany was about to drop to a lower division.

These football organisations are awfu. We need competing organisations.",
Are we actually surprised an organization hosting tournaments in Qatar and Saudi Arabia and suspending Ronaldo’s sentence and protecting Messi like he’s a million dollar bill did something like this? lol,
The shittiest part of modern day sports discourse is we can’t even read the articles so instead we have to read people’s shitty jokes and opinions,
Corruption goes brrrr,
"The conspiracy theoriest in me thinks that Trump did this somehow; however, I'm pretty sure that's not the case because if he did, he wouldn't stop talking about how he did it.

Edit: He may have actually done it.
https://xcancel.com/JacobsBen/status/2073823947682980076",
"[https://www.reddit.com/r/soccer/comments/1uo838q/trump\_thank\_you\_to\_fifa\_for\_doing\_what\_was\_right/?sort=confidence](https://www.reddit.com/r/soccer/comments/1uo838q/trump_thank_you_to_fifa_for_doing_what_was_right/?sort=confidence)

There it is.

  
Edit:  
[https://truthsocial.com/@realDonaldTrump/posts/116868490571213527](https://truthsocial.com/@realDonaldTrump/posts/116868490571213527)  
""Thank you to FIFA for doing what was right, and reversing a great injustice! President DONALD J. TRUMP""",
Lmao he totally made the call,
The same guy who wants to get rid of birthright citizenship,
"Exactly.

And I for one am glad he's been quiet about all things soccer for much of this tournament.

e: and of course he goes and fucks my enthusiasm.",
He just 'truthed' about it and frankly the fact he's even aware of this pretty much confirms it's just corruption,
"He’s talking about it lmao, look at his latest post that for some reason keeps getting removed from this sub",
The corruption in this damn sport is so insane to me,
"Signed off by Mr. Corruption himself I bet

Edit: Lads, I meant Infantino obviously... If Trump was to be involved, Balogun would get 2 games suspension and a $300bn fine.",
"lol, as an NFL American just trying to follow the World Cup, finally a comment I understand",
Can't even tell if this refers to Infantino or Trump,
FIFA is so shameless. It’s the Ronaldo situation all over again… can’t risk hurting viewership.,
“Let’s just say their appeal moved me… TO A BIGGER HOUSE”,
"Today, I feel American",
Showing partiality to certain countries and/or players by FIFA is a disgrace.,
If it was some random african or asian country this would not have happened. Corruption,
FIFA peace prize coming in handy,
"Lol, gives me Spain - South Korea 2002 vibes. I hope we get a fair chance.",
Infantino: Today I feel American. Today I feel Balogun,
