text,label,notes
Goalkeeper Trubin celebration after scoring a header,reaction,
"Croatian commentator at USA-Belgium full-time: ""Belgium have won, but let's wait, maybe tomorrow morning when we wake up, a call from the White House comes in..""",hot_take,
huge dropoff in viewerships in monaco,hot_take,
"Hey, it’s just nice to finally see that twat finally hold up his end of the Authoritarian’s Contract we for some reason signed.",hot_take,
"As an American I genuinely did lol. Stoked for Balo to play, but shady is the new norm for us.",reaction,
"Jürgen Klopp on Trump and Infantino: “Let's just say: this is our game, not theirs. These two people, who both have no idea about football, should have nothing to do with that. That was a red card. There's no two ways about it. We're sorry for Balogun because he didn't mean to do it.” > ""But that's what the rules say.""",hot_take,
The moment Arsenal found out they became Champions of England,reaction,
Argentina [3] - 0 Algeria - Lionel Messi 76‎'‎ hat-trick,reaction,
"Corruption is bad if I’m not involved, but if I’m part of that corruption I defend it!!",hot_take,
"Vozinha after the match: ""I went up to Messi after the game. He hugged me and said, 'You are great. Your people should be proud of you'. That was incredible for me. Hearing words like that from someone like Leo Messi means a lot to me. I thanked him and said, 'Thank you, Leo. You are the best.'"" Full quote: ""I went up to Messi after the game. He hugged me and said, You are great. Your people should be proud of you. That was incredible for me. Hearing words like that from someone like Leo Messi means a lot to me. I thanked him and said, 'Thank you, Leo. You are the best.' Then I asked if we could swap shirts. Leo said he would give it to me in the tunnels after the interview.""",reaction,
Messi crying after receiving his runners-up medal,reaction,
Iceland's Daniel Gudjohnsen introducing himself to Lionel Messi post-match and reminding him that his dad was Messi's former Barcelona teammate,reaction,
Maybe Baron got in his ear.,hot_take,
"Couldn’t have said it any better, fellow CITY fan.",reaction,
Spain defeats Argentina to win the 2026 World Cup.,reaction,
Trump's corruption is finally benefiting the country for once,hot_take,
"And they keep getting more shameless with it

At this point it isnt above them to tell certain refs to ref games in certain ways either lol like we're literally watching them be corrupt here",hot_take,
France needed to bring clubs on the field Para was trying to kill then,hot_take,
"I think Ronaldo was worse. It was for violent conduct and fully intentional, no one else is getting their ban recinded in that situation.

I still think this is a wild call but you can agure that there was no intent in case and it was more of an accident than a deliberate foul. 

It feels fair to offer leniency when there is an accident, cant see the justification for a deliberate act.",analysis,
This specific controversy is probably going to draw a lot more attention to the game in American media and cause more Americans to tune in out of curiosity (or more people to hate-watch or something).,analysis,
I doubt we bribed anyone. We probably threatened to prosecute some FIFA officials for something we previously ignored.,analysis,
Atletico Madrid fan literally making sandwiches while 4-1 against Spurs,reaction,
Showing partiality to certain countries and/or players by FIFA is a disgrace.,hot_take,
"This is crazy. And his suspension is just suspended without explanation? So he will have to serve it later like after the world cup? This is crazy!

I'm glad he's playing but this whole affair was handled in just the most corrupt-looking way (it's obviously a biased ruling but they could have made it look much better!)",hot_take,
"Today, I feel American",reaction,
"If anything, we’re the ones who got reffed poorly against Bosnia",hot_take,
CORRUPTION IS SO COOL WHEN IT BENEFITS ME,hot_take,
"Egypt coach Hossam Hassan: ""I will say what's on my mind regardless of the consequence, this was clearly a rigged match and the whole world saw it. And I want to say one more thing, if they want Argentina to win so bad, why call everyone to come and participate?""",hot_take,
"FIFA won’t ever admit that the refs fucked up. That’s part of their operating model. 

An actually well run organization would have stated a clear reason (aka improper use of VAR) for the overturn while also announcing an investigation into the France-Paraguay official. But the FIFA ain’t a well run organization unless your measuring stick is corruption.",analysis,
"Italy and Spain to Bosnia isn't exactly the same either, the US are good enough to comfortably beat Bosnia on their own",analysis,
"Haaland ""It has been the best weeks I have had in my entire life. I think it has changed Norway. I think it has changed me. I hope it has brought the people together. I hope this also motivates young people back home in Norway, that it is possible to play on the biggest stage wearing this jersey."" On his substitution ""I was completely broken. I felt it after 70 minutes that I was getting tired. It was really tough to play today with that humidity and stuff. It was tough, but it's the same for everyone – so I'm not going to make any excuses.""",reaction,
"This is much worse, he got a red card during this same competition. Many teams are not being able to use players due to accumulation of yellow cards, some even got eliminated because of that.. So fuck these teams huh?",hot_take,
Well happened to Ronaldo when he was sent off against Ireland coming into this tournament. But yeah almost never happens,hot_take,
Arda Guler slips while trying to kick bottle at full-time whistle,reaction,
"That's even worse. Basically saying the call was correct, but we want Balogun to play the WC",analysis,
"Mostafa Zico: ""The referee is unfair, God is sufficient for me and the best disposer of affairs. He's wasting the effort of an entire nation. The cup is being given to Argentina.""",hot_take,
Scenes as Albacete defeat Real Madrid in the Copa del Rey,reaction,
Basically no sport every admits outright that the refs screwed up or takes any actions.,analysis,
Marquinhos comforts his international teammate Gabriel after his penalty miss,reaction,
"Norway fans chant ""Free Palestine"" vs Israel",reaction,
"Romero completely ignored Trump Righting all his wrongs
Edit - he does go back to shake Claudia Sheinbaum's hand, he knew what he was doing",reaction,
"Holy crap, genuinely didn't expect that.",reaction,
[Martyn Ziegler] Exclusive: Uefa to boycott World Cup in protest against Fifa sell-off. European governing body takes decision at crisis meeting in move that would essentially kill Gianni Infantino's plan to sell stakes in tournament to private investors,reaction,
"[Ben Jacobs] The White House made a direct call to FIFA to ask Gianni Infantino to review Folarin Balogun's red card. FIFA sources insist White House influence could not affect the decision due to the powers contained in Article 27 and the independent nature of the disciplinary panel. talkSPORT understands the White House put pressure on FIFA to review the decision, and made a direct call to ask their president Gianni Infantino to review the red card.",reaction,
Can't even tell if this refers to Infantino or Trump,reaction,
Glasners slide after Conference League victory,reaction,
They were doing just fine before and without him,hot_take,
Cristiano Ronaldo reaction to his red card vs Ireland,reaction,
“We’re corrupt but in a good way”,hot_take,
Benfica [4] - 2 Real Madrid - Anatoliy Trubin 90+8' (Goalkeeper),reaction,
"Real g's move in silence, like lasagna. The 5th works better",reaction,
That's what I immediately though. Same thing as Ronaldo's suspended ban.,analysis,
I mean were there really folks not going to watch the game just because Bolugun was missing?,hot_take,
"Argentina disgraced themselves, and the World Cup final, with their charmless petulance",hot_take,
Wolves TV's highlight reel of Arsenal's timewasting: 'Game management',reaction,
"Manchester United has been eliminated from League Cup by Grimsby Town ,who plays in the 4th league of England",reaction,
Me and the Hale End or Bust crew were also not planning on watching,reaction,
Banner seen at USA vs Australia,reaction,
Citizen's United mfs,hot_take,
"Problem is if he gets a yellow against Morocco and France win, he'll be suspended for the semis. The wipe removes the cards, not the suspensions pending. 

I don't see him getting a yellow as he's not that type of player and I'm sure he'll be careful, and luckily not of the 3 yellows we picked up from that shit ref were on defenders, but it's still a stupid situation overall.",analysis,
A fraction? He legit wasn't doing anything. He was just talking.,hot_take,
Alternate angle of Alvaro Carrera's goal against Valencia,reaction,
"The thing I don't understand is, why not just let the USMNT appeal the red? Makes it feel so much more corrupt to say ""no appeals"" and then just lift the suspension because *reasons*. Such a dumbass way to handle these things, makes it so transparent that it's just for views/match quality.",analysis,
A fan's angle of Harry Kane's goal against Frankfurt,reaction,
"VAR was also inappropriately applied to judge the call. Slowmo is not supposed to be used to check for severity, only to determine point of contact.",analysis,
Erling Haaland leads the Viking Row for Norway,reaction,
Today I feel corruption,reaction,
"They have one, it involves Swiss bank accounts",hot_take,
Egypt preparing for the shootout,reaction,
"My sister (who is a huge NBA fan) has said it's basically an open secret that when Tim Donaghy was under investigation, Stern specifically blew up the investigation so the FBI wouldn't find the corruption was way, way more widespread.",analysis,
Harry Kane skill to keep possession against PSG 77',reaction,
Today i feel corrupt,reaction,
Paraguay goalkeeper threw the ball at Mbappe after he refused to shake his hand at the end of the match,reaction,
"Eric Cantona: ""Four days after Russia started the war in Ukraine. FIFA and UEFA suspended Russia. We are now 716 days into what Amnesty International have called a genocide. And yet, Israel continue to be allowed to participate."" [Great Speech]",analysis,
"I SAID JOHNNY, YOU'RE KILLING ME HERE GIANNI, YOU GOTTA DO SOMETHING GIANNII",reaction,
This has always been /r/soccer,hot_take,
"It shouldn’t have been made in Ronaldo’s favor to start to WC. Messi got away with a red card.

FIFA is so corrupt lol",hot_take,
"I like watching the shithousery happen but I don't like seeing teams avoid the consequences and Paraguay definitely did. 

If a team wants to play rough then they can they just need to keep in mind that it's going to get their team booked and then when they do they need to actually get booked.",analysis,
Enzo Fernández (Argentina) second yellow card against Spain 90+3',reaction,
A young Cape Verde fan shows love to his team,reaction,
Scenes as Non league side Macclesfield defeat Crystal Palace in the FA Cup,reaction,
Croatia disallowed goal against Portugal 90+13',reaction,
Ireland winning goal and end of match with Irish commentary,hot_take,
Do swiss bank accounts accept trump coin?,reaction,
Alternate angles of Harry Kane's perfectly placed strike against Wolfsburg 69',analysis,
"The conspiracy theoriest in me thinks that Trump did this somehow; however, I'm pretty sure that's not the case because if he did, he wouldn't stop talking about how he did it.

Edit: He may have actually done it.
https://xcancel.com/JacobsBen/status/2073823947682980076",hot_take,
Thats a very kind way of saying he was absolute shit in every facet.,hot_take,
Exactly. At this point how about also step in and ban Galarza for violent conduct ?,reaction,
Manchester City fan celebrates with an Arsenal bottle,hot_take,
"what the fuck that is WILD

how about suspending our 3 yellow then",reaction,
"If it was overturned, sure. But they didn't overturn the red, they merely suspended it and put him on probation for a year, so it can be re-enforced if he screws up again.

FIFA had every opportunity to make this a much more ""legitimate"" decision but decided to just take the idiot approach instead.",hot_take,
"Kylian Mbappé: ""At the end of the day, you know... you take all the glory when you win. When you don't win you have to... sorry, to take the shit""",reaction,
Schrodinger's American: Doesn't know soccer at all but will crash viewership if a player they supposedly won't know isn't on the field.,hot_take,
Clearer angle of Morgan Gibbs-White's great goal vs Manchester City,reaction,
"yes

but also, you cant do friendlies to get around reds",analysis,
Gianni's bank account sends its regards,hot_take,
"NBA has a L2m report on fouls at the end of games, but they definitely still cover up stuff.",analysis,
"Telemundo TV commentator: ""We are one of the only networks in the world to not show ads during the World Cup cooling breaks. We prefer the old school way. We should be able to see what the players do. We show fans, people enjoying, not the corporate direction of football.""",reaction,
"If Olise (or someone else carrying a yellow) gets a yellow in the Quarterfinals, is he suspended for the semifinals?",reaction,
We were watching regardless. I think this is more FIFA wanting us to have a better shot of advancing to the Spain game,analysis,
Are we actually surprised an organization hosting tournaments in Qatar and Saudi Arabia and suspending Ronaldo’s sentence and protecting Messi like he’s a million dollar bill did something like this? lol,hot_take,
Harry Kane's voice in the post match interview,reaction,
Lamine Yamal raises Palestine Flag during parade,reaction,
Yeah this is just the beginning. Going to make South Korea in 2002 look like a spectacle of fair refereeing.,hot_take,
Norway's football team official photo for World Cup 2026,reaction,
Rayan Cherki posing for camera after Ben White's tackle,reaction,
"Corruption is only bad if I am not involved. If I am involved in the corruption, I DEFEND IT",hot_take,
Suddenly corruption is alright in my books,hot_take,
"lol, as an NFL American just trying to follow the World Cup, finally a comment I understand",reaction,
[Leyla Hamed] - Egyptian head coach Hossam Hassan brought a Palestine flag onto the pitch after Egypt's historic victory over Australia.,reaction,
FIFA's gonna have to start paying refs or cancel Spain's flight or something if they want USA vs Ronaldo,hot_take,
Lmao he totally made the call,hot_take,
"yeah it's an insanely dumb situation. It was one of the worst referee performances I've ever seen, and I watch CONCACAF.

Honestly normally I like watching the big Euro teams having to deal with the CONMEBOL/CONCACAF shenanigans and shithousing, but that was so far over the line in terms of one-sided refereeing and straight-up assault in several cases that I was rooting for France again by the end of it. 

That penalty was the most textbook and obvious one I've ever seen and the fact that it took VAR for it to be called should disqualify the referee for the rest of his life honestly. I was losing my mind.",hot_take,
Woahhhhh what the fuck. This is FIFA. Can't say I'm shocked but figured this decision would have come Friday or Saturday if it was going to happen at all.,reaction,
The same guy who wants to get rid of birthright citizenship,hot_take,
I all of a sudden love corruption,hot_take,
Norway players and fans doing Viking Row,reaction,
wtf I love corruption now,hot_take,
Lamine Yamal's run and dribble against PSG 1',reaction,
2010 Spain Team Reacts to Ferran Torres' Goal,reaction,
The disrespect to Portugal... USA vs Ronaldo is jackpot.,hot_take,
"Corruption is only bad if I am not involved, if I am involved, I WILL DEFEND IT",hot_take,
FIFA doesn’t need Trump to be corrupt,hot_take,
"I was about to say, did the corrupt orange man finally do some corruption that isn't about like, destroying our education system?",hot_take,
just need to ask fifa the market rate of the yellow vs red,hot_take,
"Gonna make the Paraguay v France ref look like Pierluigi Collina. God be with you Belgium, lol.",hot_take,
They expedited the process by not even allowing you to appeal red cards. Just send in the check,hot_take,
Infantino would do anything for trump,hot_take,
this definitely reeks of FIFA wanting to maximize viewership during a host nation game,analysis,
"Yeah. What's the point of bread and games if the bread is moldy and you lose the games

Edit: ""sit"" to ""if"" autobloop strikes again",hot_take,
"""you have to call the president of soccer and get him to do something.""",reaction,
"Lol, gives me Spain - South Korea 2002 vibes. I hope we get a fair chance.",hot_take,
"Salah, standing alone and crying, while the fans cheer Jota's name.",reaction,
Only kilo I recognize is white,hot_take,
"""Corruption is not bad! Corruption is only bad if I am not involved. But if I am part of that corruption, I DEFEND IT""",hot_take,
Balogun was banned from football but not from SOCCER 😏🇺🇸💸,hot_take,
He will serve it during the exhibition match against the ishowspeed 'all stars',hot_take,
The $5m bribe went through!!,hot_take,
THE POWER OF BIRTHRIGHT CITIZENSHIP IS SO POWERFUL THAT IT REVERSES RED CARDS,hot_take,
He just 'truthed' about it and frankly the fact he's even aware of this pretty much confirms it's just corruption,hot_take,
Cinematic slow-motion video of Harry Kane's second goal Vs Atalanta,reaction,
"German commentator: ""Trump & Infantino. Those two were made for each other. Fascinated by power... And by themselves too.""",hot_take,
"Norway manager Ståle Solbakken ""It's a big mistake by FIFA. Balogun got a red card, VAR confirmed that, that means you're suspended. It's a bad, bad, bad, bad decision that is hurting the World Cup. I feel sorry for the US. If they win, it will always be brought up. It's not good for the sport.""",hot_take,
"They completely botched it by denying the appeal so quickly. If there was even a chance of FIFA doing us a favor they should have kept the appeal process open across the weekend. 

Also what does this mean for the ref, Rafael Klaus? His opinion and the entire VAR booth have just been totally undermined by a mysterious committee. How can he be assigned to ref a single other match in the tournement?",analysis,
I highly doubt there were any Americans that were not going to tune in because Balogun wasn’t playing,hot_take,
Thiaguinho scores a panenka penalty vs Paraguay's goalkeeper after the latter kept taunting him,reaction,
Only miss was not doing this on the 4th!,hot_take,
Just add an appeals process ffs. Not hard.,hot_take,
Haaland arriving in Norway That is all.,reaction,
What the fuck is a kilometer,reaction,
We're going to get reffed so fuckin hard tomorrow 💀,hot_take,
"Id be in favor of that. That was straight up corruption. Paraguay getting out of ANY game with zero cards, much less that game, should be impossible",hot_take,
Messi trying to get Cucurella a red card after he touched his mouth,reaction,
It's not corruption when it's in the US - it's lobbying.,hot_take,
Maybe he put a big bet on Kalshi about Balogun's red card suspension being lifted.,hot_take,
today I feel corruption,reaction,
"Australian World Cup fans were caught chanting: “Aussie boys are on a bender, Donald Trump is a sex offender.""",reaction,
THANK YOU FOR YOUR ATTENTION TO THIS MATTER,reaction,
"They were moved by all the ""free Balogun"" spam on social media",hot_take,
Brazil 0 - [2] Norway - Erling Haaland 90',reaction,
FIFA being corrupt Trump glazers helped for once.,hot_take,
"Exactly.

And I for one am glad he's been quiet about all things soccer for much of this tournament.

e: and of course he goes and fucks my enthusiasm.",hot_take,
"olise's should absolutely also be wiped, but the yellow cards will be wiped again after the quarterfinals anyway",analysis,
Manuel Neuer first touch during warm up against Augsburg,reaction,
"Belgium will play their match against the US subject to conditions. They consider Floralin Balogun ineligible to play and should he play, a complaint will be filed to a FIFA Tribunal, and to CAS. US Soccer Federation has been informed personally by the FA about their plans. The Belgian Soccer Association (KBVB) will play the Round of 16 match against the United States subject to certain conditions. If Folarin Balogun—whose suspension following his red card was suddenly lifted by FIFA—takes part in the match, the KBVB will file an official complaint with FIFA.",reaction,
"Zero chance Trump even knows what is going on, or cares what with his Freedom 250 thing.

Could have been someone else in the admin though, Vance is addicted to Twitter so probably saw posts about this.",analysis,
Thierry Henry and Zlatan having a kick about backstage in the studio,reaction,
"Its Monday Night Football in Seattle. 

  
You have absolutely no idea what sort of insanity is coming.",reaction,
This Ref Cam of the Thuram Brothers during a Foul,reaction,
The corruption in this damn sport is so insane to me,hot_take,
"They haven't rescinded the red card, or technically even the one match suspension. Just to be clear about the terminology. He'll have to serve the suspension if he does it again.

Very silly, if you ask me.",analysis,
All 3 of us? In one post?,reaction,
"He probably shouldn’t be, he was very inconsistent",hot_take,
It's ridiculous tournaments don't have a red card appeal process but every single top flight football league I'm aware of does.,analysis,
"[“Cristiano Ronaldo avoided a suspension](https://www.nytimes.com/athletic/6809592/2025/11/25/cristiano-ronaldo-world-cup-ban-fifa/) for the start of the World Cup in similar circumstances after FIFA handed the Portugal captain a three-match ban, but with the final two games suspended for “a one-year probation period”.”

My god fifa. Be less transparent in your desire for viewership",analysis,
Spain defeats France to advance to the World Cup Final,reaction,
Similar circumstances? Ronaldo’s was for Violent Conduct,analysis,
I think the “similar circumstance” is fifa just arbitrarily suspending the enforcement of the red card suspension for money lol,hot_take,
I think they set the precedent with Ronaldo and then had to follow through with players like Caicedo.,analysis,
Balogun gonna go full Paraguay now that he knows he's shielded by the constitution from consequences,hot_take,
USA 2-0 Bosnia and Herzegovina - Malik Tillman 82',reaction,
"It’s like they want to look corrupt, no appeal and then don’t even give a clear reason lol.",hot_take,
Shocking scenes in Dallas as a member of the Egypt national team staff was violently pushed by Dallas police while taking a photo with a young fan.,reaction,
Erling Haaland's reaction after Alexander Sorloth doesn't pass the ball to him during his free run,reaction,
Uhhhhh I’ll take it but what the fuck lmao,reaction,
"Rival couple arguing in the stands during Fluminense vs Vasco derby... while their son sits between them wearing a half Fluminense, half Vasco shirt",reaction,
A duck in Mexico wearing a Mexican jersey,reaction,
"Zlatan Ibrahimović on Messi's World Cup: “Five goals in 2 games...I have zero goals in two World Cups, so, I'm happy for him and I hope he continues, his birthday is in a couple of days so let him enjoy, because we're all enjoying him by seeing him play so, amazing, just amazing, no words.""",reaction,
"I thought this was a possibility after it was reported the VAR officials broke protocol, but it doesn’t seem like that’s even the cited reason. Wild",analysis,
"[https://www.reddit.com/r/soccer/comments/1uo838q/trump\_thank\_you\_to\_fifa\_for\_doing\_what\_was\_right/?sort=confidence](https://www.reddit.com/r/soccer/comments/1uo838q/trump_thank_you_to_fifa_for_doing_what_was_right/?sort=confidence)

There it is.

  
Edit:  
[https://truthsocial.com/@realDonaldTrump/posts/116868490571213527](https://truthsocial.com/@realDonaldTrump/posts/116868490571213527)  
""Thank you to FIFA for doing what was right, and reversing a great injustice! President DONALD J. TRUMP""",reaction,
"After all that shitstorm in that game, Olise getting a yellow for a fraction of what they got from Paraguay was some sinister shit.",hot_take,
I think there are literally millions of Americans that won't watch *next week* if USMNT loses tomorrow.,hot_take,
[Czechia 1-1 South Africa] Schick waves off the referee and walks away; Mokoena reacts in disbelief,reaction,
Roma awarded penalty. The Penalty had to be retaken twice. Lille goalkeeper Berke Özer saved all 3 attempts,reaction,
"Kylian Mbappé after the game against Paraguay : ""We knew what kind of match it would be. [...] We know how to shithouse too. We did it today, we won and even in that sector, we were better than them."" Kylian Mbappé after the game against Paraguay : ""We knew what kind of match it would be. It's great the game we got and how we played it. We show that we're not just only a team who can play an offensive-minded football, if we had to play dirty, we can play dirty. It doesn't bother us. They thought we would show up in tuxedos, doing great plays and one-two passes. We know how to shithouse too. We did it today, we won and even in that sector, we were better than them.",reaction,
Neymar in tears after loss to Norway,reaction,
"UEFA changed the rules for Nations League when Germany was about to drop to a lower division.

These football organisations are awfu. We need competing organisations.",analysis,
"He makes the greatest deals, folks",hot_take,
Gg bro. Check already cleared,hot_take,
"MEX RSA 78' - Memo Ochoa substitutes into the match. It's the 6th different World Cup he has appeared in, tying the record",reaction,
"Tuchel installing specialist oxygen chambers, red light therapy or whatever in players houses to recover but then his most successful tactic being playing Harry Maguire and Dan Burn up front",hot_take,
"Englands best tactic the past 2 games have been set pieces and. No surprise because that’s how the premier league has been this season, playing for the set piece. You have teams like France who are free flowing no matter who’s on the pitch while England look abysmal without 3-5 starters. I do wonder if the current state of the EPL plays a role in the current state of these players",analysis,
"It has to be personality, surely. He can’t not take Bellingham, he’s clearly someone who can win a match for England in a moment. But Trent, who by all accounts seems just as much of an ego nightmare, isn’t in that category being a full back. So Tuchel can just about axe it away as it being an issue of systems and roles. Any sane national team takes both Bellingham and Trent without question and insists that their manager manage the personalities to make it all work. But this is England.",analysis,
"This was mostly about letting the B squad play themselves into (or mostly out of as it has proven) the squad and not really reflective of our starting line up.

I'm not too worried.",analysis,
"The definition of a system player but even now, he can’t get a start with City. He should be hitting his prime but the opposite is happening, he is regressing towards it",analysis,
"England were a lot better with Newcastle's fullbacks. Anderson became more influential after that.

Harry Maguire was the only player to offer genuine goal threat and he was on the pitch for barely five minutes.

Palmer was awful and did himself by far the most harm.",analysis,
"White wasn't horrible, but I felt Livramento did bring a bit more energy after coming on. If James is fit for the tournament he starts over both anyway.

O'Reilly however just had a bad game. That LB spot is Lewis Hall's to lose.",analysis,
So many 10s but none of them have shown anything besides Jude who is injured. The only attacking player who has shown something the past 2 games has been Rashford. Maybe him not playing in the current English environment makes him standout compared to the others,hot_take,
"Japan has beaten Germany, Spain, Brazil and now England in the recent times. Hajime Moriyasu ball in european leagues could be interesting. 

Hajime Moriyasu to replace Glasner at Palace after the winning the World Cup with Japan",hot_take,
"England had a Moriyasu and he got us to 2 finals in four tournaments and then got sacked because he wasn’t playing cool enough football. I’m not joking, ever single person I asked in Japan at the last World Cup said (after translating) basically the exact same thing: “he’s tactically poor but he gets the team fired up and fighting for the shirt”",analysis,
"Probably just typical England lulling everyone into a false sense of security before a big tournament and the lucking into the nice side of the draw and making it far.

Without Kane we just aren't much of a scary team. We have great players for sure but you need your world class players to bring out the best of the rest of the squad. Shouldn't be a problem for a while but it won't be fun when he retires.",hot_take,
"Even ignoring the fact that a lot of the ""weaker"" footballing nations have been getting better and better, these are the most inconsequential losses ever.",hot_take,
Phil Foden perplexes me. The guy has had a solid club career and yet every time he puts on the national team shirt he looks like he has no idea how to play football.,hot_take,
"Hes lacking football intelligence to play any role beyond the one Pep and him have developed at City.

Hes basically the equivalent of a winger who gets his head down and charges. He cant recontextualise his game in a new environment, think about what other players need and adapt, etc.",hot_take,
"At least they used to shoot and try to pass it forward 20 years ago tbf.

Having Lampard and Gerrard and Rooney etc was disjointed but significantly more exciting because of that",hot_take,
Going to Wembley to watch England play seems like a bucket list item and nothing more. I want to try it one day but the atmosphere seems awful and the football not much better.,reaction,
"I can't believe there was debate whether Bellingham should be in the squad while Phil Foden is regularly picked, when being utter shite for England all the time and has also been average for Man City bar one season.",hot_take,
"The fact Jude was ever in discussion of not starting was insane to me a lot of England fans don't know his skills or what he does at all like. Also insane to see a country not want to start one of their most clutch players who literally saved their entire Euro's campaign with a bicykle kick while he was carrying a shoulder injury.

But if England want to go out early with no Jude then that's their decision lmao.",hot_take,
"Gosh if only there was a player who played almost exactly like Kane and had experience at big clubs and always played well for England and was the PL top English goalscorer this season...

But nah let's not call him up",hot_take,
"Japan's rise must be studied. They have become truly a top national team. Hell if they can get to the final stages of the cup, I wouldn't be surprised.",hot_take,
"Money and effort into growing a domestic league with more grassroots participation. 

Similar case with their rugby team and you're starting to see more growth in basketball after their league got a huge revamp like a decade ago.",analysis,
"I get that Tuchel is just experimenting, but at some point is there a cost to only ever experimenting and not giving his best 11 time to play together against strong opposition before the actual tournament? 

Feels like Tuchel is treating international friendlies like they're club preseason friendlies, without realizing he doesn't have 38 games in the regular season to get his squad gelling. One bad result in the WC group stage can knock the team down to a much less favorable draw. Can he really afford to throw away all of these preparatory friendlies on experiments just to see which fringe squad players he should bring, most of them won't even start?",analysis,
"I don't think we needed this 35 man squad and 'audition' of players

He has to know most of his spots and on the fence with 4 or 5, at most

It's really a concession to the clubs at this stage of the season but, we know that, it's been like that for a long time. No one is going full bore in late March with the run in to the season

At least all the squad was together but I never thinking losing is a good habit to get into, even in friendlies, even with &lt;insert excuses&gt;",analysis,
"If nothing else, it's very funny to be wheeling out the Dan Burn Harry Maguire Titan task force when chasing a game. Well done Japan, dull game but I'm never arsed about a friendly, bring on the summer.",hot_take,
"seems fairly obviously already that we're relying on Kane scoring from nothing to see us through this tournament.

I really don't see what everyone else does in Palmer, maybe i just don't watch Chelsea enough but i've never been that impressed with him",hot_take,
"&gt; I really don't see what everyone else does in Palmer,

He's been downright poor for about 1 year now. 

Looked like a great player for ~2 years before that.

Very odd TBH",hot_take,
"He was incredibly impressive in his first season for chelsea but hes been poor for more than a year now honestly. And if 'poor' is too harsh, which it may be, he hasn't exactly been great anyway",analysis,
Outrageous that it's 2026 and Foden is still being picked in the national team. He has nearly 50 appearances now and has done nothing to justify the last 40 of those.,hot_take,
"He just looks nice and tidy on the ball, but nothing special at all.

Doesnt control the tempo, doesnt box crash, is bad at tracking back.



I really dont understand the hype. He is so replaceable, its bizzare to see the amount of United fans who swear he is amazing.",analysis,
"Despite their opponent winning competitive fixtures against Germany and Spain last World Cup, the English will no doubt overreact to losing a friendly.


To put it as simply as possible, Japan is good and losing to them in a friendly doesn't mean England is bad.",analysis,
"Games from 4 years ago are a meaningless for current form surely.

If it was one game it wouldn't be a problem but Tuchel hasn't won any of the 3 games he's played against top 20 nations. Any England team can and should easily beat teams like Latvia 5-0, but Tuchel's system clearly doesn't work against decent teams.

Losing to Japan doesn't mean England are bad, but failing to win against any good side doesn't make for a hopeful start to a World Cup.",analysis,
Not a team in the world who would leave a player of Trents quality out of their squad at a minimum. By far Englands best passer of the ball and he's sat in Madrid.,hot_take,
"Genuinely crazy. I don’t care if he’s an egotistical dickhead, that’s Tuchel’s job - just as it is with Bellingham - to make sure that he can manage egos in order to get the very best out of the best players the country has at its disposal. 

We’re all going to be sitting here in the summer after a ro32 loss going “at least Trent wasn’t there to disrupt the camp” lol",hot_take,
"First defeat to an Asian nation for England

Not many positive to draw from that performance

Lack of ... *everything* really

No one really comes out looking great

Foden is not only woefully out of form but should never be a '9' and, even in great form, I don't think that suits him at all

It just does not work and can't believe Solanke doesn't start or DCL or have Watkins in there or even Welbeck or Rashford could be there

This Foden central up top should never happen again",hot_take,
"Meh game.

I was throughly unimpressed with Anderson. His passing, technique and movement was completely mediocre. I lost count of the number of times he struggled to get the ball out from under his feet. 

Hall was very lively and quick. Exactly what England needed on the left, he's like an energizer bunny up and down that flank.

If England want to bring a heading specialist to the world cup, make it a defender rather than a striker. I'm willing to sacrifice passing and technique from a defender but i'm not willing to sacrifice that in a striker. Solanke is a nothing. I'm strongly advocating Welbeck as Kane's backup. No matter what happens you're not going to replace Kane's goals but at the very least have a backup striker who has the strength and technique to hold the ball up, link up play and run hard. That's Welbeck. I would take Maguire for his heading ability on set pieces, can even throw him up top in the last few minutes of the game if we're losing, no need for Solanke.

I think it's pretty clear there's no room for Foden in the WC squad. Saka, Palmer, Eze, Rogers, Madueke, Gordon will all in their own way provide that blend of speed, directness, creativity, skill and finishing.",analysis,
"Everyone rightly pointing out that we are toothless without Kane but honestly Bellingham is the only creative player we have that actually wants to run at people. 

I don’t think Saka will ever be the player that he was before the hamstring (still a good player but not the threat England need)

Palmer needs a striker to play behind and isnt making things happen himself

Foden only plays well in city’s system (nothing wrong with that in the grand scheme of things but you just can’t justify him for England)

Roger’s form is not good.

If Kane and Jude are playing I have faith that things will click into place but fuck me are we flat if they’re not",analysis,
"It shouldn’t be a surprise Englands attackers not named Kane were poor. This season English attackers (excl. Kane) have been inconsistent and/or poor. On the other side, the midfielders and defenders have looked good this season. It’s not really a surprise this is translating to international level",analysis,
"Last Euros the sub was critical of Kane playing. Claiming he sat too deep, held the ball long, playing better with Watkins or Toney. 

Goes to show how reliant England are or Kane",analysis,
"I get there is something that might have happened behind the scenes, but this game was calling out for Trent to help split the defense with a bit of magic. Thought Lewis Hall had a good game at least.",analysis,
"As a United fan who hates Liverpool, it still makes zero sense to not bring Trent. 

I kind of get it if ur worried about Trent being a liability on defense, but with Reece James hurt Kyle Walker and trippier retied, Trent is by far the best RB option 

He’s the best striker of the ball on that team you need that kind of quality in knockout tournament especially if ur chasing the game and sending bodies into the box to receive the cross 

Makes zero sense, hopefully tuchel comes around bc Trent can make the difference",hot_take,
"As far a narrowing down the squad goes you'd assume Gordon and Rashford are set now for the left and Bowen is probably Saka's back up on the right.

I guess Rogers goes as Bellingham's spare due to his form from qualifying and he at least looked better than Palmer or Foden tonight.",analysis,
"England qualified for the WC with a perfect record, not sure what more Tuchel could've done. A couple of friendlies with loads of changes and absences doesn't invalidate that. Also doesn't mean that we're world beaters of course.",analysis,
"Saka is out of form, Bellingham hasn’t been fit all season. Eze is a bench player at best, and doubt reeces legs make it to the tournament. Not gonna be much better tbh",analysis,
"So slow, all the time, yet again. 

It's always quite incredible that we can have so much quality individually and yet play such boring football. 

Japan played well though, if they can handle the climate then I honesty think they have a good chance to go on a bit of a run in the world cup.",analysis,
"Japan have been good for a while, I hope they do well in the WC. 

England will probably do better than they did tonight this summer but, Christ, it's not instilling any confidence. Wonder if we lose in the Round of 16 or sooner the FA will let Tuchel move on.",hot_take,
"This lack of pace is really killing this team. Japan was never in trouble on their workrate and organisation alone. There is just no real surprise or anyone that can force a goal with a brilliant individual moment. Foden is shit, this striker experiment shows he can't play centrally either. Get Welbz or Watkins.",hot_take,
"England were crap, Japan were good.

Completely predictably we looked much better when we had an actual striker and wingers on instead of 4 players who all want to play in the same space.

Main conclusion of any value is that Hall should play ahead of O'Reilly. Left wing is totally up in the air imo too but I don't particularly like any of the options there.",analysis,
"Why did he play Foden as a number 9, again? I could have told him before the game that he would have gotten bullied and found no space for cute touches with the way Japan crowd the centre and defend in numbers... Tuchel even acknowledged this feature about them in his press conference...

 With the limited time in training international teams get, just play the lads in their natural positions for christs sake.

Palmer was awful as well...",analysis,
"I don't understand why Tuchel is experimenting with formation so much. 

Pissing around with this idea of a false 9 - if Kane is out then surely you just replace him with the next best 9 option? 

Tuchel is a good manager no doubt, but I just think messing around with experimental formations against quality opponents, and particularly clinical ones like Japan, at such a late stage is a hiding to nothing. 

Fingers crossed our best 11 are fully fit come the WC, or else we're in for a disappointing and short run.",analysis,
Let’s see - is the match thread full of complaints about how a second or third string England didn’t win this friendly and how that bodes badly for the World Cup?,hot_take,
"Completely pressed off the ball, players looked clueless in attack. We're going to crumble against any well drilled side in the summer unless we get a miracle.",hot_take,
"Can't wait for ""Starboy"" Saka and Phil Foden completely stink out the tournament before the inevitable last-16 penalty defeat to Tunisia, Micronesia or Narnia.",hot_take,
Watches for free and I still feel ripped off. Haven't lost faith in Tuchel but bizarre squad selections + uninspiring football is not giving me confidence for WC,hot_take,
"Congratulations to Japan, I enjoyed watching them more than England for a lot of the game.

Nakamura has the same facial expression as Brennan Johnson.",reaction,
"All this “talent” and we can’t produce anything. We’re so overrated. I know this is a second string team, but there are enough players playing at the highest level to be able to show something for it.",hot_take,